,Seguidor
0,tkersey
1,njonsson
2,bangpound
3,koconder
4,Rud5G
5,mlsj1
6,syug
7,esneko
8,neopunisher
9,jazzwang
10,fly51fly
11,fallenpegasus
12,fribeiro1
13,brase
14,chchrist
15,massimoselvi
16,ScottJWalter
17,mindcrime
18,MarceloNascimento
19,dmsbilas
20,thimslugga
21,leecardona
22,nara
23,semsphy
24,srp19
25,DaemonCahill
26,Cambera
27,riyadparvez
28,mitaka
29,ZhangYunfang
30,temosy
31,threadstonesecure
32,manuelhunziker
33,ambagasdowa
34,pedro-lima
35,alexharvey
36,josh-fisher
37,kumarlokesh
38,subidit
39,pdevenraj
40,nerandell
41,raghuboosetty
42,tdmalone
43,34code
44,burib
45,whn09
46,bobbyearl
47,alishir
48,ahlfors
49,bsrz
50,mailmahee
51,mihkels
52,daefresh
53,dofstar
54,codee
55,EdZava
56,pmanolak
57,kistasi
58,firebitsbr
59,glaucodiogo
60,manjunathd
61,afonsoalban
62,rsaa
63,hvn0413
64,duxing2007
65,ste93cry
66,terran1942
67,itanoss
68,thesobercoder
69,bygbyron3
70,rickymaciel
71,KevinGimbel
72,zsp0817
73,konamo
74,voldyman
75,golf-x
76,alexjennings
77,somaditya
78,apjowen
79,usui-tk
80,dengqixing
81,Davi-He
82,godsoul
83,kumar-nitish
84,snoop0x7b
85,PandaBlessing
86,andyuls
87,juanjoruiz2109
88,mangualero
89,proverbs53
90,Rajivhost
91,universewrld
92,HJiefeng
93,kkpan11
94,plumcube
95,magigo
96,ahmadfaizalbh
97,flukebox
98,jakebrinkmann
99,simar1998
100,AAbasinejad
101,virtuoushub
102,huamichaelchen
103,mumblepins
104,b3nkos
105,bretdarby
106,srinitude
107,the-watchmaker
108,codinggooner
109,kimpenguin
110,weisberg
111,ace-coder
112,infinitedreams9586
113,tusharsoni08
114,hoansgithub
115,schallerala
116,alexxyjiang
117,star-fx
118,amavlyanov
119,garciparedes
120,keshabb
121,s0nlxaftrsh0ck
122,darasat
123,mklemann-com
124,tiloyi
125,roykalony
126,thomasdalbert
127,LavenderDaisy
128,edisona
129,Steven-Acomb
130,kevcooper
131,jodavaho
132,side9show
133,teeksingh
134,kevingrondin
135,koyashiro
136,unlitdev
137,well1791
138,mleziva
139,ykaidashov
140,anand-b
141,xGreat
142,MatterhornProject
143,tolgabuyuktanir
144,cash2059
145,rajabalaji-mp
146,vedamj01
147,jafferlin
148,rodazuero
149,JustCallMe-AK
150,henriquerick
151,Wyvernslay3r
152,gabrlyg
153,paulosiciliano
154,martinvaldivia
155,rdczhby
156,mys328
157,andrey-berenda
158,sinhang
159,Pal3love
160,Lakshmiaddepalli
161,mohamed-abdelsattar92
162,rawer886
163,thanhcsf
164,junaid109
165,bafeiyu
166,Ylmzef
167,anlexN
168,Janujan
169,fwblcz
170,djinl520
171,protyay
172,selfishprimate
173,Mwalthery
174,GregAllenSmith
175,zgover
176,avestura
177,aspindle
178,pqrsooo
179,evanshrestha
180,bos-hieu
181,sonimonish00
182,ljesparis
183,imvikramn
184,massivelivefun
185,garrettrh
186,ghishadow
187,shower1986
188,mseld
189,JasonYe88
190,seshurajup
191,xiaopizi19
192,pelamlio
193,Asavarkhul
194,ajay340
195,custadian
196,KlwntSingh
197,FelixFeliciant
198,learnerzhang
199,gamedebug
200,jonathanarodr
201,osama-ahmed
202,nir-zilberman
203,changyongyong
204,bigDP
205,WajahatSiddiqui
206,markjohnlucas
207,Vaibhav
208,manavchoudhary
209,nikolaospapachristou
210,jcarlos001
211,vslala
212,Ngel-Castro
213,dawei-wang
214,George-Petrovski
215,JeffUssing
216,edstgo
217,yxblee
218,barisates
219,ankkrish
220,pratickRoy
221,pereirakadu
222,justinsamuel92
223,dotsnangles
224,609151318
225,RyanAugust
226,igarash1
227,noid11
228,ioing
229,AruulmozhivarmanS
230,Tusharjagi
231,ivaylo-yordanov
232,emullaraj
233,mcguegi
234,nbhirud
235,fischerleon
236,UmutSERIFLER
237,zhu0823
238,Joe192168
239,LindaHaviv
240,ball582
241,dmitrykrisko
242,we1l1n
243,thangnm93
244,dongzhuoyao
245,xuelangqingkong
246,godobyte
247,chanffdavid
248,anomaly-88
249,undabah
250,aymenbelarbi
251,ashish936
252,giotramu
253,0xlkda
254,guilhermebc
255,SMBgurus
256,mate-h
257,artur-sak13
258,yorshreynoso
259,yehuizhang
260,AAdewunmi
261,Zenidog8
262,kalsyanpradeep
263,charaton
264,vonzou
265,jaymahfudy
266,maxsxu
267,keita-hino
268,KyuDounSim
269,Anirudh257
270,joaoantoniomartinsfilho
271,satyarajreddy
272,AnsonHwang86
273,anirudhbagri
274,STCYC
275,rsmelo92
276,StrangerCoug
277,keren123
278,Grimgog
279,noodanee
280,alobe
281,JadeCong
282,graceko22
283,paletode
284,Timotej979
285,erenaslandev
286,serhiiklenachov
287,camerondurham
288,khanhhuy288
289,gstair
290,ifbowen
291,hotsticker
292,ningfc
293,RishabhKr97
294,jiangoz
295,ardasatata
296,Murplugg
297,tanvirstreame
298,kworkbee
299,arnab-ray
300,yuriykuntsyak
301,StarDustTwinkle
302,bahadirsahin
303,SMSesay
304,jamestiotio
305,anuj97
306,yaelBrown
307,motmaytinh
308,desaidn
309,NoxGamingQC
310,aravinthakannan
311,lingjiekong
312,diohsb
313,janviyao
314,hijiki51
315,mksarge
316,pradeepkni382
317,rdnasim
318,shrinidhibarthur
319,StrangeKnowledgeIncresed
320,Austin47
321,shokriw
322,franklin-monreal
323,xxh031203
324,lossfunc
325,feapaydin
326,loumalouomega
327,garyhtou
328,d3v2null
329,msweetland
330,jrjm1111
331,mitutitu16
332,ShuhaoZQGG
333,akashsathyan
334,chrisskhoury
335,jeremychauvet
336,riturajDas
337,Logicus03
338,chinchillajared
339,isabelchaves
340,shikharsaxena98
341,flukelaster
342,rjuer
343,mussieh
344,lintsai
345,nj1787
346,rockychang7
347,hanwgyu
348,wudangqibujie
349,DihanDai
350,drewfrost
351,MUmarJaved
352,contimatteo
353,amaankulshreshtha
354,hackenbacker
355,petronem
356,my1795
357,Pzoom522
358,nityansuman
359,hahacyd
360,wangtiechuan
361,lynmison
362,anaghkanungo7
363,RickyC0626
364,WladFrazao
365,Ming0217
366,caesar-one
367,Ishanna
368,nvspavankalyanch
369,JoeRMiller
370,devStarscream
371,nkn6294live
372,ShwetaShivangi
373,amwi04
374,pd14196
375,tychodev321
376,TheFJS14
377,Baleryom
378,caitinc
379,almokhtarbr
380,andreacip
381,alexanderafanasov
382,thapaashis110
383,soccernut
384,mdobro1
385,royswale
386,saneknight
387,AnhTrieu
388,janmarkuslanger
389,morinyan
390,gujiacun
391,adileone
392,BIGChask
393,mapjx
394,fuhaoma
395,DXLZ
396,nuffQuantumSayd
397,kekemao00
398,lamsd
399,anuq
400,igorasantos
401,metaphor0
402,iashutoshtiwari
403,yaravi
404,skippermin
405,masakiasami
406,huannvttd98
407,thatbeautifuldream
408,happyqq
409,iameduardod
410,wuchunfu
411,venkate5hgunda
412,whuhxb
413,ks1990cn
414,ronnielutalo
415,Samutichev
416,jongan69
417,nmoisesp
418,kayericson
419,tjolr
420,LuGO0
421,lodhik9
422,cultivate5253
423,akazyti
424,boomer2752
425,Luccasoli
426,benmassaoud
427,abheesht17
428,HebaElGalad
429,himanshututeja1998
430,sevenhqj
431,AsadAmir111
432,CWHer
433,Pei1133
434,SamuelMaculuve
435,pasenchenko
436,jinjidong
437,eemailme
438,Nikronic
439,Razdeep
440,FenTheDev
441,Dxdzy86
442,skywalkersPadawan
443,patrick22414
444,Jiahuan-Pei
445,preciouschydo
446,johngunerli
447,akashmdkml
448,Menotron
449,smustafa75
450,nanaboat1
451,Karim-53
452,EthanC-8
453,nitinnbisht
454,ericpark123
455,5l1v3r1
456,Yulv-git
457,hexolan
458,moqsien
459,MilleniumSpark
460,sagsango
461,Programador89
462,robertgro
463,JasonMoon95
464,raashidanwar
465,jackpan123
466,bshreddy
467,TsukasaSeto
468,PallaviVarandani
469,alvinlal
470,Rookl
471,awabasher
472,Katsukiniwa
473,PMcTwist
474,hqng
475,rkv0id
476,shiminfxcvii
477,sigsant
478,celikgokhun
479,shiva0612
480,kyamashiro
481,LasVegasBilly
482,Turbocaspal
483,davnunes
484,afondiel
485,johnnyrtrentin
486,stnorbi
487,stacyrymer86
488,zero-null
489,jh9875
490,GITWHB
491,ricardosuman
492,mencarellic
493,rabbithophop
494,ftf1218
495,hirawatt
496,adilet-saken
497,marcomamprin
498,Thejuskbenny
499,TomasDavidYe
500,nanaxumu
501,GabrielFerrante
502,13995595007
503,tinahuang222
504,Bhavuk-Garg
505,Mzon2857
506,thiagomares
507,mjsheikh
508,anishamalde
509,TeddyCom1
510,prabhumns
511,HyunjunA
512,harishravi121
513,iamharvey
514,rahul-zomato
515,avanishvyas
516,inframarauder
517,YjqZhouxiao
518,adhamsalama
519,LuoTailong
520,sovansambath-phann
521,rkej
522,jinshuye
523,ibn-khafagah
524,kartikeytewari
525,md-arfin-cse
526,johncruyff14
527,johan-lab
528,ambanerjee
529,bzamith
530,deviknitkkr
531,Abirul
532,ranefattesingh
533,nesakobi
534,andrewdge
535,RobertConde
536,hartl3y94
537,saarthdeshpande
538,leechenze
539,Dexterzprotege
540,sandrawilczynski
541,Debarshi95
542,gauharayub
543,GowthamSk1
544,PolyVoid
545,middas-0706
546,WendyYanto
547,batuhan-basoglu
548,sangamesh-kodge
549,claudsonbarros
550,yotamnahum
551,huiminlim
552,sumukhteja
553,valtab
554,JankinTian
555,djmcclary
556,theroyakash
557,sadoreko
558,billsenxu
559,MarcoSantonastasi
560,cheungfujai
561,amadsalmon
562,infinitepower18
563,ashr4f1arr2ad
564,rgdyy
565,shayanekat
566,fellipematos
567,VE5ETA
568,KlinKlinKlin
569,ishu-thakur
570,brijeshbhalodiya
571,zaaakher
572,XRLZX8
573,soumyadbanik
574,zhnzhang
575,yhf98
576,xjhofernandes
577,gauravagrwal
578,juanca-jimi
579,mapy1874
580,JohnDNC
581,zeelsheladiya
582,ImKunYoung
583,EduardHov
584,risejl
585,Soumil-Bhattacharya
586,mahmoudmohamed22
587,johnmccants002
588,samedsemihs
589,moramadan98
590,aymandarwish
591,HongLouyemeng
592,maniac1122
593,Sambit650
594,haja-fgabriel
595,kohring
596,okonri
597,paulohenz
598,leopoldoH
599,cnhuz
600,liltommy1dev
601,Wwillers
602,owini
603,amirmojarad
604,RichardZj
605,nolvuscodes
606,MarcoSteinke
607,acox216
608,smy1999
609,anujchoudhary-17
610,mazrean
611,XrosLiang
612,994Simone
613,Mystic-77
614,bruno-aires
615,Jirigesi
616,imokhtar
617,ArthurAnastopulos
618,w3dg
619,guilefoylegaurav
620,denmj
621,frankxzAmazon
622,ericwidjaja
623,mirfanaslam
624,nayeonshin
625,xiaozhiob
626,u-yas
627,smelouah
628,icqmula
629,dmascheck
630,Abhirajnow
631,sanjuchandra
632,sadiqshaik123
633,cccaimingjian
634,anurag01a
635,masrafi115
636,sm-heard
637,Abhijrathod
638,agastaldellomaccomit
639,steffiypx
640,AdnanAaddi
641,MaxDeveloper16
642,leonardofoohawyang
643,tenpa007
644,gtrman97
645,MuffinAmor
646,rushilenekar20
647,soma2000-lang
648,jin-sungdae
649,Git-Codder
650,Ayush-Pujari-07
651,goillotc
652,2019-GitHub-Chu
653,Tarsisnbs
654,chinkin707
655,frankporco
656,adithya1010
657,sametcn99
658,anubhvshrma18
659,Aditya-Khemka
660,chanwoo00106
661,FrankQixiangGao
662,alikemalozgumus
663,Codesmaster-lab
664,gwd666
665,Supriyo8799
666,Maher-RJ
667,Dajun-2019
668,stevenrsewell
669,Symon629
670,kranti2201
671,prad-j
672,jaquespavan
673,huiyouyou
674,vignesh5535
675,huai-jie
676,bipin0x01
677,chrichri17
678,GessioMori
679,TylerMamrot
680,danmslamt
681,Pecorari
682,1MuhammadFarhanAslam
683,najmehn00
684,Uplift-0508
685,ajmalbinnizam
686,TatsuyaNakagoshi
687,NonymousMorlock
688,EfeAcar6431
689,akinfelami
690,avstreamdevpro
691,NaoyaTatetsu
692,mijung-in-11st
693,simonjgr
694,avadhutjc
695,MLHaddon
696,Capital-SetMawHtay
697,jcork4real
698,aditya-repos
699,spencerlepine
700,calbergs
701,yusuke-z
702,jimmysmits
703,Drag0nf1y
704,JohnDoll2023
705,ssantoshp
706,vinodpatildev
707,leejoonhun
708,mmhamdy
709,lorenonzi
710,VitorAkira-me
711,solfonte
712,PrideStudio
713,CodeMaster719
714,Matt-Bulk
715,xiao-cy
716,galichy79
717,thefaheemkhan
718,Flaiers
719,avishekchy45
720,Derokkk
721,Shahna-C
722,Ethan-Ka
723,grahamwaters
724,deezeddd
725,jaymepsantos
726,mohamedhabibwork
727,anurag1504t
728,rajveer43
729,Kushan2k
730,Thilak-KN
731,katopiler
732,AesisGit
733,rafaelporfiriobarros
734,OBud75
735,yosefkiros
736,benzebra
737,HamdanAr
738,ralintuscano
739,rhattox
740,FurkanEdizkan
741,SegaGLm
742,celso-na-teixeira
743,nilesh05apr
744,EM51641
745,seanpm2001
746,thiagodebugs
747,dylanhood
748,JohnPPinto
749,Pquar
750,oss-mad
751,AHANCIT
752,sebaminaya0
753,d-t-n
754,rbuchmann77
755,Rameshraj55
756,SeifEldinMohamed
757,seungha-0709
758,SteCC
759,JoseRicardoPE
760,PhumyJS
761,yuyingjun0922
762,SHakhzodTojiyev
763,ShabbirHasan1
764,klkuogamer
765,ggopal13
766,angeloS-98
767,yagikota
768,DougRog
769,rdbender
770,uivid64
771,deevanshu-k
772,linquint
773,jeanhackpy
774,PhaedrusFlow
775,nguyen-duy-tan
776,Tpeach9474
777,KennyOliver
778,ronnieangeles
779,mahmud0v
780,carnate-tech
781,mertkilix
782,Ghost1386
783,istellaliu
784,QuantumBoy1010
785,polygonnedpotato
786,MadushanNimantha
787,Choikyudong
788,Harshi-itaSinha
789,anthowest
790,emiltervo
791,mohd-salem
792,Infisrael
793,MateSousa
794,marcelozepeunam
795,canyoldas0
796,erfuun
797,madcitymultimedia
798,arunavabasu-03
799,JonathanCristovao
800,ddiogoo
801,ugke
802,Gustavo-Murdiga88
803,uk-2
804,aadarsh-af
805,karthikmurakonda
806,littlelionly
807,vidda5
808,AndreiMariciuc
809,tatvil
810,michelececcacci
811,nabeelnoor
812,sherlcok314159
813,mist1024
814,elerner42
815,vedantraval2310
816,juliana-silva-hub
817,mrrushikeshdaund
818,sudongyuer
819,LlandspitRunzingf
820,Westsi
821,AnmolVerma404
822,JoseLopezSolis
823,Ashish0898
824,muratali016
825,ozancck
826,farinaceos
827,zamoosh
828,anadeem2
829,natdosan
830,ojuschugh1
831,cx63cc
832,ForBai
833,David7ce
834,chococandy63
835,TruongNhanNguyen
836,itsRealEllis
837,weiliw-amz
838,lllllllllliiiilllliiliiiilllli
839,VenuGarlapati26
840,samliu90
841,FukazawaKazushi
842,TheTrueKen
843,StephenOravec
844,sbdeveloper90
845,loupprodi
846,shirushi-dev
847,Samruddhi362
848,clearljn
849,Mairobinsky
850,pritamkpratihari
851,HenryDV
852,federicoreppucci-deliveroo
853,buiquangthanhcode
854,MJ-Tech-H
855,KendallDoesCoding
856,Shrey-Srivastava21
857,harshglory129
858,niravpi
859,Itisjigar
860,piyush31009
861,adnene-guessoum
862,Yajie-Zhang
863,huseyingirgin-eva
864,script-lab
865,ccampa896
866,Ahmedhamza1232001
867,nurullah-arican
868,Ariyandev51
869,ishika1501
870,mdzaberalhamid
871,MuziZwane
872,batz-gg
873,jmoore78
874,Sai-teja-rachamalla
875,ekaterina4952
876,KalvenDebig
877,kumartul
878,loraxoy
879,YoliswaD
880,frankpengau
881,wanjanhasan
882,Phillipe-Hugo
883,ndnan
884,NickMezacapa
885,fedebayer
886,xwillxu
887,danielaiyuan
888,NavratanPatel
889,Mohammadflht
890,Tahsin411934
891,Samruddhiiii
892,fvarghese99
893,rediahmds
894,nishantb06
895,Louuuaiii
896,FelipeFama
897,sanju50201
898,marcusPrado02
899,Arshu200
900,josephmartinmoran
901,AndreCoutinhom
902,natamartins
903,sssamm29
904,techprogo
905,mgaspirc
906,SarfarajRahmn
907,Aniketchaudhary16
908,JeromeXapix
909,ClaudiaA18
910,ElizabethJoseph25
911,Manbendra2014
912,Saleheddin
913,heshara2000
914,Shahid6289
915,henry-vipnet360
916,Kishank111
917,thrashghost
918,prejin2310
919,alismask
920,rodrigommar
921,Sudhanva-Nadiger
922,ethangutknecht
923,mb4m1
924,Lucas1114
925,puppsupr
926,naji0329
927,SuperSmile0109
928,Giasinit
929,apella1
930,0laday0
931,pannacottaaaa
932,mars-aria
933,bed-com-29-19
934,ygill
935,isaacbrendel
936,Avidlearner001
937,zagui-master
938,Ganesh972
939,marupon3910
940,Fuko-Ibuki
941,JeffreyChim
942,supbrice
943,black-mold
944,BrunoGr0883
945,tomgangwang
946,emmyoh
947,leonardonakagawa
948,chkp-bryans
949,hgnzheng
950,agurinv
951,sghost13
952,SpikyWU7
953,shashank-mishra14
954,KoolSoul
955,Naveen2334
956,IAMPARSI
957,LeonMS123
958,Angie-Zhang
959,Vladdstian
960,satayuji
961,HJPandey
962,ryanherd
963,gremsyQuanLe
964,Kenaaaaaa
965,koray-aydin
966,lchen104
967,louisphihaihoang
968,YasinAshorian
969,RahulDubey391
970,SnKToR
971,Rupesh510
972,akshit2257
973,pppppyamaP
974,Rajesh562020
975,Trik01
976,zahidhussain998
977,hemsridh
978,Vijay3725
979,DDDavey
980,lowep
981,yolo102938
982,FlawlessCasual17
983,dhineshprabakaran
984,qdclub
985,asimpson0000
986,dmytrochumakov
987,thatme12
988,The-code-is-secret
989,jeremyw-dobeu
990,christine-sandbox
991,maxrathmann
992,AaronSMathew
993,FIDEL7Z
994,rohit250799
995,MirboboyevJasurjan
996,nadprime
997,aka5050
998,tori-ham
999,boscotba
1000,jasonthedataguy
1001,AContesini
1002,julianomolinari
1003,Ponthezs
1004,akhmadmamirov
1005,bourbakiN97
1006,Myceliose
1007,mil2tech
1008,ad0niram
1009,chrisgomad
1010,looooooooy
1011,ayitharevanth
1012,Julioalvestv
1013,Ashishh0007
1014,seespike
1015,penguinpottery
1016,crr-bbai
1017,ComprehensiveAmoeba
1018,andedavd
1019,WLHQ
1020,manuelortizus
1021,aibolu
1022,MaxBryne
1023,Frisek
1024,shanenichols-channeladvisor
1025,mircoisendu
1026,soriqoo
1027,romans1234
1028,silviana-hs
1029,risingcurve
1030,rigvedp97
1031,sahanediriweera
1032,Raghavendra-Yadav
1033,jcf170030
1034,ThomasCode92
1035,rsenthur
1036,xmartinsbr
1037,JulienCamp
1038,ryan-w-roche
1039,montyma-amazon
1040,BryantVencil
1041,Vasco-Arts
1042,akshaygp18
1043,AgentofPhoenix
1044,JapnoorHere
1045,Zaka123456
1046,Pulimi1991
1047,modabossymaxk
1048,Janxxxx
1049,BandhiyaHardik
1050,srdegbe
1051,pushkarcode
1052,bbazwalt
1053,Fiyinfoluwa28
1054,Calum09
1055,TaryNascimento
1056,Itzkuldeep444
1057,rafaelgandis
1058,iamchiranjeebpanda01
1059,gsoni1
1060,aniruddhawathare
1061,Qianru69
1062,samiamorshed
1063,mrlizhaozhi
1064,soorajaryan007
1065,IKashCode
1066,Anmol5519
1067,fernandobraz88
1068,bhargavbijjam
1069,BigSlum
1070,RomDev7
1071,doski22
1072,allaboutevemirolive
1073,hongbo-wei
1074,mdhumairraza
1075,Laindrion
1076,kdelcampo13
1077,Hoppeful
1078,vaddikeshavareddy
1079,MahdiCodee
1080,DonzerHD
1081,darenj456
1082,coder-nian
1083,shubmanh
1084,kybex11
1085,VasanthamHimaanshu
1086,SvipWangyh
1087,innocentc
1088,1jana0
1089,Armkas
1090,mgtian03
1091,GuilhermeeCustodio
1092,rajwadejii
1093,carlosgomezi
1094,RaviYadav02
1095,DadMouth82
1096,jvitorlk
1097,lr-devx
1098,Su-Tcode
1099,gitteedara
1100,iam-back
1101,Ananya2311
1102,MaxwellNi
1103,eloidieme
1104,winfredbo
1105,xcrar
1106,Sheepdog2022
1107,Salvapazzo86
1108,Mohamed988o
1109,htiennv
1110,Shashank1407
1111,ali-fraz
1112,sbaws
1113,rany01
1114,Anis-Web
1115,Ig0rFA
1116,Som-III
1117,wshanleee
1118,ansh2903
1119,konpap-chan
1120,sudoblanc
1121,Arun-gox
1122,amitsingh2022
1123,java-oss
1124,misaelsp
1125,developer1618
1126,JaafarLezzaik
1127,AliHossam98
1128,Renpeng01
1129,shanechioa
1130,davidade300
1131,pchalise7
1132,Valliebby
1133,camilasoares045
1134,poemww
1135,Alexdon1988
1136,aminbiography
1137,Svetozara3363
1138,MarcelloCordal
1139,github-world192
1140,rajeshkanugu
1141,sivalaxman07
1142,raphaelguardiano
1143,choiruddine
1144,Nithin-singiri
1145,adiibnuajat
1146,krishnagptamcs
1147,yanwei257
1148,gauravchakrxborty
1149,sergiojfsunior
1150,GiuLOCX
1151,firefitdesgns
1152,themrhoffmann
1153,mgrundwuermer
1154,ryanAMZN
1155,Philipabao
1156,bnmbz
1157,Parvbird
1158,Olaffson
1159,Hamza-H10
1160,karthik121222
1161,timboslice832
1162,gilleswb
1163,Naruto-79
1164,aostar168
1165,tinajiang26
1166,marcosdataleal
1167,nandarshan
1168,HappyDream0317
1169,Andrei-Boghiu
1170,martinOofay2023
1171,gviictxr
1172,RomanGleizer
1173,josielabreu
1174,VISHALVARUN011002
1175,ColdCodedotso
1176,19raulruiz68
1177,zaim03767
1178,Nanigullipalli
1179,imishangrover
1180,wiscdn
1181,ortanaV2
1182,sks972
1183,omarhabd
1184,Kayra-Baran
1185,purushoth2603
1186,ywangire
1187,ZenShuHara
1188,chende1121
1189,TF-185
1190,Tanzimalahi
1191,VidhiS07
1192,JCOOPER5646
1193,danylo-miranda
1194,SangaoWe
1195,Maycon-dSilva
1196,imanol-2021-12
1197,andregustavoaguiar
1198,aws-apradana
1199,choimikey
1200,yudai-shibuya
1201,datamoro
1202,Maycon-Melo
1203,lanjua5899
1204,AnnaleaLayton
1205,notjustjoshin
1206,niveshatom11
1207,LucaMaximilianBuchwald
1208,amenihong
1209,MT-Designs
1210,ben9672
1211,YuvalYanay
1212,Abeldsonndiku
1213,WIN1NG22
1214,GauravDevOps711
1215,paracatuatomico
1216,PatientProblemSolver
1217,the-new-fifty-two
1218,DavideSchirru17
1219,RajVishal7
1220,CameronScarpati
1221,adityadatta11
1222,joaovgcoelho
1223,V-AI-ML-DL-DS-PL-PYTHON-JAVA-GO-2023-0
1224,Umesh2851997
1225,Amisha-verma2907
1226,ocupadaparavc
1227,nogueiralf
1228,zactseng
1229,ricberht
1230,ChamelePhantom
1231,abolfazlhajjar
1232,Tariq-Anjum
1233,vedamjamz
1234,adminjd
1235,Zzzyyy2023
1236,Chrishargrove58
1237,Kikikickss
1238,luneto10
1239,538mansi
1240,INGVARtattoodjnWEBdev
1241,PPCXZ
1242,cvs0
1243,ZumaGr
1244,rshuba4
1245,sairavi5887
1246,ravigiri91
1247,dminduca
1248,mohamedtalhaouii
1249,vx-vijay
1250,Sofyaolvs
1251,hatimharrati
1252,acya-amazon
1253,kidu-s
1254,unstatistical
1255,niroshinimurugadas
1256,harishravi131
1257,wishspotting
1258,harishravi141
1259,harishravi151
1260,luisdavidpaz
1261,JustSouichi
1262,suncoastcloud
1263,Pranavprasadsinghs
1264,miguelkuter
1265,Pymster
1266,Sethfire2
1267,sfc-gh-cmilton
1268,smart-person
1269,SavetoAI
1270,ANVESHBV
1271,tufanbil
1272,iamakachili
1273,arturogaitatzis
1274,NikolaiYYDS
1275,y-hbb
1276,HkDotPY
1277,Bishal-11
1278,guiherme-git-tec
1279,goeo1066
1280,GitHub7667
1281,fairytalesbrand
1282,arch1024
1283,remotemommy
1284,Disnord
1285,AbdullahKhalide
1286,3d01
1287,FlipGeorgios
1288,mohamedahmedch
1289,negoceio
1290,AmirSheikhmagomedov
1291,anthonybiondojr
1292,zhuofuAMZ
